{
    "category": "Anime",
    "changelog": "- Jellyfin 10.11 support (#78) @crobibero\n- AniDB Path Lookup - ASS Compatible",
    "description": "AniDB metadata provider\n",
    "guid": "e6be09fc-5fe5-4a7e-8a47-e58b4afaca21",
    "imageUrl": "https://repo.jellyfin.org/releases/plugin/images/jellyfin-plugin-anidb.png",
    "name": "AniDB",
    "overview": "AniDB metadata provider",
    "owner": "philippheuer",
    "targetAbi": "10.11.0.0",
    "timestamp": "2025-12-16T17:10:51Z",
    "version": "11.0.0.0"
}